{"min": [-13.0, 14.0, -14.3, 977.8, 1.0, -13.0, 14.0, -14.3, 977.8, 1.0, -13.0, 14.0, -14.3, 977.8, 1.0, -13.0, 14.0, -14.3, 977.8, 1.0, -13.0, 14.0, -14.3, 977.8, 1.0, -13.0, 14.0, -14.3, 977.8, 1.0], "range": [52.2, 86.0, 36.7, 69.70000000000005, 24.0, 52.2, 86.0, 36.7, 69.70000000000005, 24.0, 52.2, 86.0, 36.7, 69.70000000000005, 24.0, 52.2, 86.0, 36.7, 69.70000000000005, 24.0, 52.2, 86.0, 36.7, 69.70000000000005, 24.0, 52.2, 86.0, 36.7, 69.70000000000005, 24.0]}